image,link,title
https://external-content.duckduckgo.com/iu/?u=https%3A%2F%2Ftse2.explicit.bing.net%2Fth%2Fid%2FOIP.32Tla1950RJKbE6GhSc5mwHaHa%3Fpid%3DApi&f=1&ipt=ab4e70a7e032ac7d7d2e0d5ada85d07618d6b012ccc3b7e7e5492e8530d9610b&ipo=images,https://www.researchgate.net/profile/James-Arnold-Nogra-2,"James Arnold NOGRA | Doctor of Information Technology | Cebu Institute ...
researchgate.net"
https://external-content.duckduckgo.com/iu/?u=https%3A%2F%2Ftse3.mm.bing.net%2Fth%2Fid%2FOIP.laycUoBnM79j3_rwfpdz5wHaGM%3Fpid%3DApi&f=1&ipt=5479d8386620e03be8859fdae28127ae357d050470a2ee0a43905b3ae1edef30&ipo=images,https://www.linkedin.com/posts/thejamesarnold_activity-6917645377647104001-WpIz,"James Arnold Nogra on LinkedIn: 🐱
linkedin.com"
https://external-content.duckduckgo.com/iu/?u=https%3A%2F%2Ftse1.mm.bing.net%2Fth%2Fid%2FOIP.xL20F1OyCA63yyzhbhKFpAHaFW%3Fpid%3DApi&f=1&ipt=ea2dfb43342ad063d8d013bd5c2430d7fee3a43a45ec022705f3dc965941168f&ipo=images,https://www.linkedin.com/posts/thejamesarnold_i-have-never-thought-in-my-life-that-i-will-activity-6506347984358338560-8VtB,"James Arnold Nogra on LinkedIn: I have never thought in my life that I ...
linkedin.com"
https://external-content.duckduckgo.com/iu/?u=https%3A%2F%2Ftse3.mm.bing.net%2Fth%2Fid%2FOIP.gkmKOCJPwsIL80N-DWhPFgAAAA%3Fpid%3DApi&f=1&ipt=34bb66748c512748099e3bd42a984a33c8a609bd544d07c0bbd191053115db76&ipo=images,https://www.linkedin.com/posts/thejamesarnold_covid19-covid19ph-activity-6666674756969996288-jsmo,"James Arnold Nogra on LinkedIn: #covid19 #covid19ph
linkedin.com"
https://external-content.duckduckgo.com/iu/?u=https%3A%2F%2Ftse2.mm.bing.net%2Fth%2Fid%2FOIP.4s5BWXZM2dNlrSyMKXBPKgHaE7%3Fpid%3DApi&f=1&ipt=bc6dce4d088e6c712c54bc384fb2278d5297c281c109979996b3a7bac9af0df6&ipo=images,https://www.linkedin.com/posts/thejamesarnold_because-i-didnt-want-to-graduate-virtually-activity-6957533654151491585-JetJ,"Because I didn't want to graduate virtually so I waited 2 years ...
linkedin.com"
https://external-content.duckduckgo.com/iu/?u=https%3A%2F%2Ftse1.mm.bing.net%2Fth%2Fid%2FOIP.eSLMNZ3m4AqJaIH5SfDIVgHaOA%3Fpid%3DApi&f=1&ipt=eea57a41b09addc147777278f70f3dd95f3f7ed619b0fb735e8a8216d4acf6fc&ipo=images,https://james.iamcebu.com/,"James Arnold E. Nogra - Portfolio - Web Development, Machine Learning ...
james.iamcebu.com"
https://external-content.duckduckgo.com/iu/?u=https%3A%2F%2Ftse4.mm.bing.net%2Fth%2Fid%2FOIP.i2TwDOR53g9VsrY2edIMFgHaHa%3Fpid%3DApi&f=1&ipt=30e9a885d16545185638144be780a2c57113e71375c66b00fc1467a12f17d375&ipo=images,https://www.linkedin.com/posts/thejamesarnold_i-finally-won-something-11th-international-activity-6534208844447481856-3HHC,"I finally won something 😁😁😁 (11th International Conference on Digital ...
linkedin.com"
https://external-content.duckduckgo.com/iu/?u=https%3A%2F%2Ftse1.mm.bing.net%2Fth%2Fid%2FOIP.HsapnpIG4SmTLqZCP9z4pwHaJi%3Fpid%3DApi&f=1&ipt=67c1ad5bf481ac4a935391c123c3064d5b7a414be82abeccf562fde3879cb0f7&ipo=images,https://james.iamcebu.com/,"James Arnold E. Nogra - Portfolio - Web Development, Machine Learning ...
james.iamcebu.com"
https://external-content.duckduckgo.com/iu/?u=https%3A%2F%2Ftse3.mm.bing.net%2Fth%2Fid%2FOIP.8yGh9kACUPP4rpWFb9gYhgAAAA%3Fpid%3DApi&f=1&ipt=42b376ff293c9d324ba995b9f86cdaabd08b92a28fd3b187d804c2aded609970&ipo=images,https://james.iamcebu.com/,"James Arnold E. Nogra - Portfolio - Web Development, Machine Learning ...
james.iamcebu.com"
https://external-content.duckduckgo.com/iu/?u=https%3A%2F%2Ftse3.mm.bing.net%2Fth%2Fid%2FOIP.n1i-xJ-Jb-ihA330a6xCUgHaDN%3Fpid%3DApi&f=1&ipt=748f7c32e2a7bab8406864a44692220e8f05038a95e1b9c02031a3bffcd7c450&ipo=images,https://james.iamcebu.com/,"James Arnold E. Nogra - Portfolio - Web Development, Machine Learning ...
james.iamcebu.com"
https://external-content.duckduckgo.com/iu/?u=https%3A%2F%2Ftse4.mm.bing.net%2Fth%2Fid%2FOIP.SXsUOwRKFGTn1x84P6BT2AHaEb%3Fpid%3DApi&f=1&ipt=e524bb9b616ccdd3bff282730df2e868d3d5a5d13eb36db2e50fd55fcebc4e08&ipo=images,https://james.iamcebu.com/,"James Arnold E. Nogra - Portfolio - Web Development, Machine Learning ...
james.iamcebu.com"
https://external-content.duckduckgo.com/iu/?u=https%3A%2F%2Ftse4.mm.bing.net%2Fth%2Fid%2FOIP.iZ4WwnOFqDOgMUil-_f--AHaHa%3Fpid%3DApi&f=1&ipt=373f46fe90e300bde1d33b07975e97642db3c22aa1e51326d281491f74641428&ipo=images,https://uk.linkedin.com/in/james-arnold-94058286,"James Arnold | LinkedIn
uk.linkedin.com"
https://external-content.duckduckgo.com/iu/?u=https%3A%2F%2Ftse4.mm.bing.net%2Fth%2Fid%2FOIP.JpUG9y69SRMbS-FnqF3SeAHaFh%3Fpid%3DApi&f=1&ipt=37aaf9002c06e9f2370b6a70b376eeb55c9cc22066bf57c1f0d3d942dc1511b8&ipo=images,https://www.broadcastnow.co.uk/tech/red-bee-media-appoints-james-arnold-ceo/5177893.article,"Red Bee Media appoints James Arnold CEO | News | Broadcast
broadcastnow.co.uk"
https://external-content.duckduckgo.com/iu/?u=https%3A%2F%2Ftse3.mm.bing.net%2Fth%2Fid%2FOIP.afVP7d3gJUpgPNJfQAwj_wHaJ4%3Fpid%3DApi&f=1&ipt=d11f44db4042ac32145c32d717edae80fb0067446617a8455cc313cf824302db&ipo=images,https://animalia-life.club/qa/pictures/james-arnold-taylor-johnny-test,"James Arnold Taylor Johnny Test
animalia-life.club"
https://external-content.duckduckgo.com/iu/?u=https%3A%2F%2Ftse2.mm.bing.net%2Fth%2Fid%2FOIP.hhKLCxbKFU8VJqGxECx5agHaHa%3Fpid%3DApi&f=1&ipt=87dfe7a30592ee16803c36a83b563864d3604c89f6dd13fbc2a0d927565234c2&ipo=images,https://www.linkedin.com/in/jacob-james-nogra-185122226,"Jacob James Nogra - University of Nevada-Las Vegas - North Las Vegas ...
linkedin.com"
https://external-content.duckduckgo.com/iu/?u=https%3A%2F%2Ftse3.mm.bing.net%2Fth%2Fid%2FOIP.hqHJb2YEbq_KhR4bUe1yswAAAA%3Fpid%3DApi&f=1&ipt=45fd9e893938ac97449a1e1659b4d9a566375ddd845826bcbf5c301f05d4c2d0&ipo=images,https://www.kcl.ac.uk/research/cancer-immunology-immunotherapy,"Cancer Immunology & Immunotherapy | King's College London
kcl.ac.uk"
https://external-content.duckduckgo.com/iu/?u=https%3A%2F%2Ftse4.mm.bing.net%2Fth%2Fid%2FOIP.lZrl0UL2_G4H6YjZlNixWwHaHa%3Fpid%3DApi&f=1&ipt=87dc2a8610b5ca988f0923e5805d5e2e07c52b0912c53e4e3c7b1eb924044df7&ipo=images,http://www.ucsfinvestco.net/ourteam.html,"UCSF Foundation Investment Company | Our Team
ucsfinvestco.net"
https://external-content.duckduckgo.com/iu/?u=https%3A%2F%2Ftse4.mm.bing.net%2Fth%2Fid%2FOIP.LyjQOodLmz72AS19P2Rg5QHaHa%3Fpid%3DApi&f=1&ipt=51baaf39251217d49dcf3fbf7514d7c7297eb90ebc9889da8b699b493f2c10e2&ipo=images,https://www.etsy.com/listing/1575165996/whaling-ship-james-arnold-17x21-print,"Whaling Ship James Arnold 17x21 Print Vintage 1960's - Etsy
etsy.com"
https://external-content.duckduckgo.com/iu/?u=https%3A%2F%2Ftse4.mm.bing.net%2Fth%2Fid%2FOIP.4A38OtLi_QB7dwpIF3-IjwAAAA%3Fpid%3DApi&f=1&ipt=4e9a165cf5f87028acc58aa73cb9a19e812ed520921d8ff4c3bb01e9f5dbfa91&ipo=images,https://www.red-eng.com/about-us/leadership/james-arnold,"James Arnold | CEng MIET, ATD, CDCDP | Regional Director | RED
red-eng.com"
https://external-content.duckduckgo.com/iu/?u=https%3A%2F%2Ftse4.mm.bing.net%2Fth%2Fid%2FOIP.EqSVVEcQfkDmZJzF8mZ7JwHaLG%3Fpid%3DApi&f=1&ipt=3e88f5a39262f8e3e9396509ba67605fefbb00c771f26d036c0c6d79e3f6b197&ipo=images,https://www.gettyimages.com/detail/news-photo/james-arnold-taylor-attends-the-the-greatest-lie-ever-sold-news-photo/1433020186,"James Arnold Taylor attends the ""The Greatest Lie Ever Sold"" Premiere ...
gettyimages.com"
https://external-content.duckduckgo.com/iu/?u=https%3A%2F%2Ftse2.mm.bing.net%2Fth%2Fid%2FOIP._s5VXAZqQhYUF0xVNMH9FwHaHa%3Fpid%3DApi&f=1&ipt=8503f1bf0c94adebc844f0d70a41e950f48e4e1ba4bc6fc2cbe85bc875143f9d&ipo=images,https://www.facebook.com/photo.php/?fbid=1079154724316734,"Colorado - Please welcome James Arnold Taylor to #CSCC2025 at the ...
facebook.com"
https://external-content.duckduckgo.com/iu/?u=https%3A%2F%2Ftse1.mm.bing.net%2Fth%2Fid%2FOIP.XVy_mlRM1rWg6qDZaTQ5hAHaHU%3Fpid%3DApi&f=1&ipt=c9772d18ff7f64cbc3a2ef06fc8c5afbf0c57400e63aaa552dcf54c1d84dd395&ipo=images,https://www.pensacon.com/guest/james-arnold-taylor/,"Pensacon - February 20-22, 2026
pensacon.com"
https://external-content.duckduckgo.com/iu/?u=https%3A%2F%2Ftse4.mm.bing.net%2Fth%2Fid%2FOIP.cL0Kmm03bJpBnkV5c5S6jgHaMT%3Fpid%3DApi&f=1&ipt=fc5e40bc2ee6ed4e49efb7586a790800824f179e894f56c7d19b637d770795af&ipo=images,https://www.reddit.com/r/transformers/comments/1643irm/james_arnold_taylor_holding_signed_the_fallen/,"James Arnold Taylor holding Signed The Fallen from Transformers: Studio ...
reddit.com"
https://external-content.duckduckgo.com/iu/?u=https%3A%2F%2Ftse3.mm.bing.net%2Fth%2Fid%2FOIP.sqsoENAlC9MWmi800Qhk3wAAAA%3Fpid%3DApi&f=1&ipt=0fb2e722f6382557020cf2b8f3c0a5cbbcf5a1f7646227cbc5c8d22c8b91432e&ipo=images,https://www.mycast.io/talent/james-arnold-taylor/images/1365821,"James Arnold Taylor Photo on myCast - Fan Casting Your Favorite Stories
mycast.io"
https://external-content.duckduckgo.com/iu/?u=https%3A%2F%2Ftse4.mm.bing.net%2Fth%2Fid%2FOIP.wXebplbJ2EbfuLQ9WbV9SQHaEg%3Fpid%3DApi&f=1&ipt=ac0a2271cca8a3e12d6f83059add4c63ac1f74cb52ab0cbbe4be1b3240c46275&ipo=images,https://kfyo.com/james-arnold-talks-inflation-jobs-cotton-prices-the-impact-on-lubbock/,"James Arnold Talks Inflation, Jobs, Cotton Prices & Lubbock
kfyo.com"
https://external-content.duckduckgo.com/iu/?u=https%3A%2F%2Ftse1.mm.bing.net%2Fth%2Fid%2FOIP.9NTtLlefpvSY3eP5ScxDCgHaKg%3Fpid%3DApi&f=1&ipt=ffb11c9bb7e11dca4431d6a83bbd6a79cb9e79c708eaa5a1398062f1b7e77782&ipo=images,https://www.alamy.com/franklin-usa-25th-mar-2025-james-arnold-taylor-arriving-at-the-king-of-kings-premiere-held-at-amc-dine-in-thoroughbred-20-on-march-25-2025-in-franklin-tn-tammie-arroyoaff-usacom-credit-affalamy-live-news-image658199412.html,"Franklin, USA. 25th Mar, 2025. James Arnold Taylor arriving at ""The ...
alamy.com"
https://external-content.duckduckgo.com/iu/?u=https%3A%2F%2Ftse1.mm.bing.net%2Fth%2Fid%2FOIP.7dAfuNsN5j489cS5oOQ6kQHaIR%3Fpid%3DApi&f=1&ipt=644879bd7d09a81162a961fa73b791b449d885bb1748f1d27e7809f5a1eafbeb&ipo=images,https://www.imdb.com/title/tt0453556/mediaviewer/rm3285570048,"TMNT (2007)
imdb.com"
https://external-content.duckduckgo.com/iu/?u=https%3A%2F%2Ftse2.mm.bing.net%2Fth%2Fid%2FOIP.VpRiwpMNRSanCJESi-3wHQAAAA%3Fpid%3DApi&f=1&ipt=2954efe06fdbfb23321d87d5538c8dda9c61827e1ef2d8e53d0c1b11972bba63&ipo=images,https://christhealthcenter.org/our-team/,"Our Team | Christian Healthcare Ministry | Christ Health
christhealthcenter.org"
https://external-content.duckduckgo.com/iu/?u=https%3A%2F%2Ftse1.mm.bing.net%2Fth%2Fid%2FOIP.kY8Y5WRglMjWMRgQrOxSUQHaL4%3Fpid%3DApi&f=1&ipt=e439a72b4cac8db30fa3f3a5081621d878b2428caf818df20ed44678871c9e08&ipo=images,https://www.alamy.com/james-arnold-taylor-arrival-at-the-photocall-for-a-faith-full-dickens-tale-the-king-of-kings-animated-movie-held-on-day-two-of-wonder-con-2025-at-a-image659649671.html,"James Arnold Taylor arrival at the photocall for ""A Faith Full Dickens ...
alamy.com"
https://external-content.duckduckgo.com/iu/?u=https%3A%2F%2Ftse1.explicit.bing.net%2Fth%2Fid%2FOIP.5m745jKVqy8Jcs0dsyzwaAHaHa%3Fpid%3DApi&f=1&ipt=9978e35990ec4d7475c3e49d312d0a3f82f81dae981cb24bb708e04319fb60f1&ipo=images,https://www.nbcnews.com/health/health-news/-death-survivors-describe-saw-heard-reviving-rcna117511,"Near-death survivors describe what they saw and heard before reviving
nbcnews.com"
https://external-content.duckduckgo.com/iu/?u=https%3A%2F%2Ftse4.mm.bing.net%2Fth%2Fid%2FOIP.27eRZ_2lGjdTgLStRom3AwHaJo%3Fpid%3DApi&f=1&ipt=916a13300154798c9193333cba1405492a819e1e2bdb6b518fe0a75e729d2c95&ipo=images,https://legocityadventures.fandom.com/wiki/James_Arnold_Taylor,"James Arnold Taylor | Lego City Adventures Wiki | Fandom
legocityadventures.fandom.com"
https://external-content.duckduckgo.com/iu/?u=https%3A%2F%2Ftse2.mm.bing.net%2Fth%2Fid%2FOIP.Q1UnOkhQazcpj0lcdNjqhgHaH-%3Fpid%3DApi&f=1&ipt=d16359d572c726413807e9ffe0b75b6c47e70017075ee732ece6b89df1b006c2&ipo=images,https://www.reddit.com/r/clonewars/comments/10sqkxw/ahsoka_tano_fan_art_that_i_finished_recently/,"Ahsoka Tano fan art that I finished recently! : r/clonewars
reddit.com"
https://external-content.duckduckgo.com/iu/?u=https%3A%2F%2Ftse3.mm.bing.net%2Fth%2Fid%2FOIP.tuSbKvgl6F_gI-_JPqBNkQHaIj%3Fpid%3DApi&f=1&ipt=2af86e571e0f6c65865c94baab7473fe990953f210e29182a3fce0bd2cf1a735&ipo=images,https://superstarsbio.com/bios/james-arnold-taylor/,"James Arnold Taylor - Biography, Height & Life Story | Super Stars Bio
superstarsbio.com"
https://external-content.duckduckgo.com/iu/?u=https%3A%2F%2Ftse3.mm.bing.net%2Fth%2Fid%2FOIP.cWU4Mf0q1Wph7k7G6oxrSQAAAA%3Fpid%3DApi&f=1&ipt=00c95ac58e2614facb54ba887e2d0190ebeeba7d87e04cf8f8c1b199b29ec79a&ipo=images,https://arboretum.harvard.edu/research/library/archive-collection/historical-biographies/,"Historical Biographies - Arnold Arboretum
arboretum.harvard.edu"
https://external-content.duckduckgo.com/iu/?u=https%3A%2F%2Ftse3.mm.bing.net%2Fth%2Fid%2FOIP.dn2wxUy-lrmWUFAN-Lzs1AAAAA%3Fpid%3DApi&f=1&ipt=80b3868e4bde94262f81b4ef00f67d41cbea31590e1fbeac9b6ed4e37bc013f5&ipo=images,https://www.semanticscholar.org/paper/Text-Analysis-on-Instagram-Comments-to-Better-Users-Nogra/9408b236a63cb6a55f45572603d8d1c967ba9fec/figure/0,"Figure 1 from Text Analysis on Instagram Comments to Better Target ...
semanticscholar.org"
https://external-content.duckduckgo.com/iu/?u=https%3A%2F%2Ftse1.mm.bing.net%2Fth%2Fid%2FOIP.sz6aCYG3aOLy7q1pAkqF_AHaDt%3Fpid%3DApi&f=1&ipt=9cf37c29918a67cded6bc76096dc909ee8aeae14424550eeeee399472d6b0bc0&ipo=images,https://www.f6s.com/company/homeassistph/,"HomeAssist.ph | F6S
f6s.com"
https://external-content.duckduckgo.com/iu/?u=https%3A%2F%2Ftse4.mm.bing.net%2Fth%2Fid%2FOIP.2pqCYWUcF7nmIosAzC_KTAHaJX%3Fpid%3DApi&f=1&ipt=259f4c2e069412bac295ec81b44300fbc6f099777bfa40ce543d1778619bf257&ipo=images,https://www.semanticscholar.org/paper/Calculating-the-Probability-Outcomes-of-the-Monty-A-Nogra/dd7ce8cddd4a2502c19a4c827051565ce4e70bb0/figure/6,"Figure 5 from Calculating the Probability Outcomes of the Monty Hall ...
semanticscholar.org"
https://external-content.duckduckgo.com/iu/?u=https%3A%2F%2Ftse3.mm.bing.net%2Fth%2Fid%2FOIP.IIxPvHdZ1PKP7mXUkayZQAHaHa%3Fpid%3DApi&f=1&ipt=1d29088e2de72c6b5917a08b896c76eb2549c8164aa960d39d81ca25340195ed&ipo=images,https://www.linkedin.com/posts/nogra-pharma_behindthescience-activity-7154125393594134528-csk1,"#behindthescience | Nogra Pharma
linkedin.com"
https://external-content.duckduckgo.com/iu/?u=https%3A%2F%2Ftse3.mm.bing.net%2Fth%2Fid%2FOIP.nse0TuFfv9ibUZ0VDP_I6gHaBj%3Fpid%3DApi&f=1&ipt=5f6d23fb93e8bb2cf1e7601462fe5ed1c045775993a1278b67a562789cb4998a&ipo=images,https://www.kaggle.com/datasets/jamesnogra/baybayn-baybayin-handwritten-images,"Baybayín (Baybayin) Handwritten Images | Kaggle
kaggle.com"
https://external-content.duckduckgo.com/iu/?u=https%3A%2F%2Ftse2.mm.bing.net%2Fth%2Fid%2FOIP.vOZhwW77n2tQTmGxX83OQQHaK3%3Fpid%3DApi&f=1&ipt=1d672bb0894582462a9f2e5adf9c2c22e59490206331a213ddb0e976af96cc60&ipo=images,https://www.alamy.com/los-angeles-usa-17th-dec-2019-catherine-taber-james-arnold-taylor-056-arrives-at-the-premiere-of-disneys-star-wars-the-rise-of-the-skywalker-on-december-16-2019-in-hollywood-california-credit-tsuniusaalamy-live-news-image336787299.html,"Los Angeles, USA. 17th Dec, 2019. Catherine Taber, James Arnold Taylor ...
alamy.com"
https://external-content.duckduckgo.com/iu/?u=https%3A%2F%2Ftse2.mm.bing.net%2Fth%2Fid%2FOIP.nypA7t9SOa9BVXeFC5vHqAHaLG%3Fpid%3DApi&f=1&ipt=355b4ebdcf52d268a30b5d397e90be3b8b73738d9a314fbe74dab301e01fb7a0&ipo=images,https://luxlux.net/en/celebrities/james-arnold-taylor/,"James Arnold Taylor Net Worth - Wiki, Age, Weight and Height ...
luxlux.net"
https://external-content.duckduckgo.com/iu/?u=https%3A%2F%2Ftse3.explicit.bing.net%2Fth%2Fid%2FOIP.dZ7GjWrjZM80roLCqpUlCwAAAA%3Fpid%3DApi&f=1&ipt=4057e3b2d5a1123593a237323f12c2f9677f662473e68c66506ec33f0dbe228d&ipo=images,https://www.scmp.com/author/james-arnold,"James Arnold | South China Morning Post
scmp.com"
https://external-content.duckduckgo.com/iu/?u=https%3A%2F%2Ftse2.mm.bing.net%2Fth%2Fid%2FOIP.Fo0co3b1yrSORVkeu4b_BwHaEL%3Fpid%3DApi&f=1&ipt=f701d17a057bc3fd0286e1040e2774b0bb25c6741a337e4f0195ab611a5d2e1c&ipo=images,https://www.kcl.ac.uk/5-minutes-with-james-arnold,"5 minutes with James Arnold | Feature from King's College London
kcl.ac.uk"
https://external-content.duckduckgo.com/iu/?u=https%3A%2F%2Ftse2.mm.bing.net%2Fth%2Fid%2FOIP.Fq7bhp71PYwAb4Jy89OlWwHaLH%3Fpid%3DApi&f=1&ipt=9ad158140f4ca92f5edc20179eb6a32399c9102222042e4a9d53f59309442ff7&ipo=images,https://www.imdb.com/media/rm3833046528/nm0852517,"James Arnold Taylor
imdb.com"
https://external-content.duckduckgo.com/iu/?u=https%3A%2F%2Ftse1.mm.bing.net%2Fth%2Fid%2FOIP.ZQyz7HPhKlSyia_UcfyAGwHaMa%3Fpid%3DApi&f=1&ipt=1840304b959986afc34cc1add4947eca85ea7c8eacbbd0227c0f38ab32699048&ipo=images,https://www.alamy.com/stock-photo-james-arnold-taylor-star-wars-the-clone-wars-premiere-at-the-egyptian-34842822.html,"James Arnold Taylor 'Star Wars: The Clone Wars' premiere at the ...
alamy.com"
https://external-content.duckduckgo.com/iu/?u=https%3A%2F%2Ftse2.mm.bing.net%2Fth%2Fid%2FOIP.EIU8F5ZQIFM9SJ6jEHN0xgAAAA%3Fpid%3DApi&f=1&ipt=56e2d2647dce2c5a9dc44121396899cce83049b969047aef1563954e2a529151&ipo=images,https://www.behindthevoiceactors.com/video-games/Marvel-Rivals/Magneto-Erik-Lehnsherr/,"Magneto / Erik Lehnsherr Voice - Marvel Rivals (Video Game) - Behind ...
behindthevoiceactors.com"
https://external-content.duckduckgo.com/iu/?u=https%3A%2F%2Ftse3.explicit.bing.net%2Fth%2Fid%2FOIP.mEHwxEWxwotZM4wTjhO99wHaJ4%3Fpid%3DApi&f=1&ipt=3d7e3b8103480ca628993534f2588c3d8e646c2bcebb8a3bc4919953140d742b&ipo=images,https://www.rottentomatoes.com/celebrity/james_arnold_taylor/pictures,"James Arnold Taylor Pictures | Rotten Tomatoes
rottentomatoes.com"
https://external-content.duckduckgo.com/iu/?u=https%3A%2F%2Ftse3.explicit.bing.net%2Fth%2Fid%2FOIP.uxkxUBkgPGVI9TmLJerjnQHaJ4%3Fpid%3DApi&f=1&ipt=bade2d6c88ddcea40b14af13afdcd21b1faf17bbd5a1698432bfb92f0567a39e&ipo=images,https://fairlyoddfanon.fandom.com/wiki/James_Arnold_Taylor,"James Arnold Taylor | Fairly Odd Fanon Wiki | Fandom
fairlyoddfanon.fandom.com"
https://external-content.duckduckgo.com/iu/?u=https%3A%2F%2Ftse4.mm.bing.net%2Fth%2Fid%2FOIP.kTJFCQhliNpmAbGTWhIMcQHaGA%3Fpid%3DApi&f=1&ipt=be24e6804b320e3e43d8a567e39d6cd40ee79d57e14522ae1e2a320aa881aea4&ipo=images,https://www.alamy.com/editorial-use-only-voice-actor-james-arnold-taylor-from-star-wars-the-clone-wars-on-day-2-of-star-wars-celebration-europe-2023-at-excel-london-picture-date-saturday-april-8-2023-image545642688.html,"EDITORIAL USE ONLY Voice Actor James Arnold Taylor from Star Wars: The ...
alamy.com"
https://external-content.duckduckgo.com/iu/?u=https%3A%2F%2Ftse2.mm.bing.net%2Fth%2Fid%2FOIP.gTk-it8p94z2O8coRWA7uAAAAA%3Fpid%3DApi&f=1&ipt=956cd811df34a6753d193e4442bad599e41e04501c7228990710f317fff470cf&ipo=images,https://mabumbe.com/people/james-arnold-taylor-age-net-worth-relationships-biography/,"James Arnold Taylor: Age, Net Worth, Relationships & Biography - Mabumbe
mabumbe.com"
https://external-content.duckduckgo.com/iu/?u=https%3A%2F%2Ftse2.mm.bing.net%2Fth%2Fid%2FOIP.38HRt21KJ6O8MO7gWZtq_gHaH8%3Fpid%3DApi&f=1&ipt=3201e930dc678490bc0e6b04c92c743837f185b1fe2a3d29786895d6b23db553&ipo=images,https://www.imdb.com/name/nm5758295/mediaviewer/rm4060672768,"Paige McKenzie
imdb.com"
https://external-content.duckduckgo.com/iu/?u=https%3A%2F%2Ftse4.mm.bing.net%2Fth%2Fid%2FOIP.phLDSF5VVJjnm0WiH64MuwHaD4%3Fpid%3DApi&f=1&ipt=d37d5bd74e3cd9045325d9ea8c6370b6dc50b7c8f54a61d47dee337e850cbfb4&ipo=images,https://www.legacy.com/us/obituaries/name/james-arnold-obituary?id=52453234,"James H. Arnold Obituary (2023) - Anderson, IN - Loose Funeral Homes ...
legacy.com"
https://external-content.duckduckgo.com/iu/?u=https%3A%2F%2Ftse1.mm.bing.net%2Fth%2Fid%2FOIP.2d0LPafkx9X1kL3iEoqGYwHaL2%3Fpid%3DApi&f=1&ipt=49e9a82629850f427b93db0abfedd28db0e949d9a0a0ca7f8ba48ba9da0b28ae&ipo=images,https://www.idcrawl.com/mercedes-taylor,"Mercedes Taylor's Instagram, Twitter & Facebook on IDCrawl
idcrawl.com"
https://external-content.duckduckgo.com/iu/?u=https%3A%2F%2Ftse2.mm.bing.net%2Fth%2Fid%2FOIP.XEF0yYTwvDTnXdHy9yPpMgHaL7%3Fpid%3DApi&f=1&ipt=0435597b05321f7c0f5dedb420fb3c7f91417ab0da70b20fa95a843008ac51c0&ipo=images,https://www.alamy.com/stock-photo-james-arnold-taylor-star-wars-the-clone-wars-premiere-at-the-egyptian-34842788.html,"James Arnold Taylor 'Star Wars: The Clone Wars' premiere at the ...
alamy.com"
https://external-content.duckduckgo.com/iu/?u=https%3A%2F%2Ftse4.mm.bing.net%2Fth%2Fid%2FOIP.J7bLF0P32Xu-bhZBNy3UhAHaNL%3Fpid%3DApi&f=1&ipt=be93054230f823e48a06190c9d364a15e781056fd0acaaf53dc392e45c313835&ipo=images,https://www.reddit.com/r/nextfuckinglevel/comments/13xwtlx/awesome_voice_of_james_arnold_taylor/,"Awesome voice of James Arnold Taylor : r/nextfuckinglevel
reddit.com"
https://external-content.duckduckgo.com/iu/?u=https%3A%2F%2Ftse4.mm.bing.net%2Fth%2Fid%2FOIP.nVjU5aKoSgvxAjGjaXHOXgHaDt%3Fpid%3DApi&f=1&ipt=cf3c324b0b488e518db5d045bdc779c1cb9009d1a1732e38b256aec03151ace7&ipo=images,https://collider.com/the-clone-wars-james-arnold-taylor-george-lucas/,"How James Arnold Taylor Fooled George Lucas in This 'Clone Wars' Arc
collider.com"
https://external-content.duckduckgo.com/iu/?u=https%3A%2F%2Ftse2.mm.bing.net%2Fth%2Fid%2FOIP.-7x7GW1tK35skoy2TjVl8QHaMA%3Fpid%3DApi&f=1&ipt=bbaf5f0a5cdc6e02ee9caba8e0822769dcb9e0002aab3f42aed8a62a6a4c5cc8&ipo=images,https://www.alamy.com/stock-photo/teenage-mutant-ninja-turtles-world-premiere-hollywood-picture.html,"Teenage mutant ninja turtles world premiere hollywood picture hi-res ...
alamy.com"
https://external-content.duckduckgo.com/iu/?u=https%3A%2F%2Ftse4.mm.bing.net%2Fth%2Fid%2FOIP.mDCfurJdHefseWqAp2vPGAHaDo%3Fpid%3DApi&f=1&ipt=64f4e988b63145665d25ec0357d037bf10b8f7897795ad75323f208d092c009a&ipo=images,https://techblog.fullspeedtechnologies.com/,"Home | Fullspeed Technologies
techblog.fullspeedtechnologies.com"
https://external-content.duckduckgo.com/iu/?u=https%3A%2F%2Ftse4.mm.bing.net%2Fth%2Fid%2FOIP.qMIBUX74nbOZipnUcHkQ9QAAAA%3Fpid%3DApi&f=1&ipt=e47dc486e0e59abed3d1da2c80b14582868b0d97f22aef2bd41a2282f160af92&ipo=images,https://www.mycast.io/stories/kingsman-the-secret-service-1985/roles/professor-james-arnold/1100538,"Professor James Arnold Fan Casting for Kingsman: The Secret Service ...
mycast.io"
https://external-content.duckduckgo.com/iu/?u=https%3A%2F%2Ftse3.mm.bing.net%2Fth%2Fid%2FOIP.lFHXEbxOOXP0OrVsxUZ5iQHaDt%3Fpid%3DApi&f=1&ipt=ff518dd384bd13c2fce1398995c54e3908dfa225b6f75aefa46c67561db8ae35&ipo=images,https://www.cbr.com/every-actor-who-played-obi-wan-kenobi-what-else-done/,"Every Actor Who Has Played Obi-Wan Kenobi (& What Else They've Done)
cbr.com"
https://external-content.duckduckgo.com/iu/?u=https%3A%2F%2Ftse2.mm.bing.net%2Fth%2Fid%2FOIP.us1j6F5PUb-psjPxcZu_gQHaEK%3Fpid%3DApi&f=1&ipt=e099deb39215c855cc2ca1a6c044b1d810f3e2bfc665e3bf41723c41705c3a5d&ipo=images,https://alchetron.com/James-Arnold-Taylor,"James Arnold Taylor - Alchetron, The Free Social Encyclopedia
alchetron.com"
https://external-content.duckduckgo.com/iu/?u=https%3A%2F%2Ftse3.mm.bing.net%2Fth%2Fid%2FOIP.HYmcNEp0QiCAokRjIuCjPAAAAA%3Fpid%3DApi&f=1&ipt=c907de4cbb317cc9dbe586db7283016d7b5067c6cb3bceb3ffcac30084536ff4&ipo=images,https://www.reddit.com/r/HuntsvilleAlabama/comments/13a0bxt/james_arnold_taylor_at_the_keestone_resort_this/,"James Arnold Taylor at the Keestone Resort this Thursday! : r ...
reddit.com"
https://external-content.duckduckgo.com/iu/?u=https%3A%2F%2Ftse4.mm.bing.net%2Fth%2Fid%2FOIP.1lxcq0JojhJMBWWIpEihYgHaCi%3Fpid%3DApi&f=1&ipt=1881c048bd44f3d5b2eaabc1067cdff45a222fd64d2f67a7149e8164e75249d1&ipo=images,https://www.semanticscholar.org/paper/Calculating-the-Probability-Outcomes-of-the-Monty-A-Nogra/dd7ce8cddd4a2502c19a4c827051565ce4e70bb0/figure/0,"Figure 1 from Calculating the Probability Outcomes of the Monty Hall ...
semanticscholar.org"
https://external-content.duckduckgo.com/iu/?u=https%3A%2F%2Ftse4.mm.bing.net%2Fth%2Fid%2FOIP.SN5tO-FLOpupn8U2jINlcwHaFj%3Fpid%3DApi&f=1&ipt=09cbb0602fca7b987dbc541069db13a2874759226bbe8237700921e1385e4301&ipo=images,https://www.cebuxgeeks.com/2013/12/what-happened-during-best-cebu-bloggers.html,"What Happened During Best Cebu Bloggers Awards 2013 Awards Night - Cebu ...
cebuxgeeks.com"
https://external-content.duckduckgo.com/iu/?u=https%3A%2F%2Ftse2.mm.bing.net%2Fth%2Fid%2FOIP.0ewo7J63J_Iqll2N_8Bf3AHaFU%3Fpid%3DApi&f=1&ipt=59a84d460e3a34876f6274ae39bd0b073ec7ca98b022c1be93b0511ca8e9e75b&ipo=images,https://www.alamy.com/stock-photo-james-arnold-taylor-tom-kane-and-matt-lanter-star-wars-the-clone-wars-34842844.html,"James Arnold Taylor, Tom Kane and Matt Lanter 'Star Wars: The Clone ...
alamy.com"
https://external-content.duckduckgo.com/iu/?u=https%3A%2F%2Ftse1.mm.bing.net%2Fth%2Fid%2FOIP.fmv9JIyg1wJc5y5CnntuYgHaEK%3Fpid%3DApi&f=1&ipt=cd690f4c93c097a1e908293b57003bc142523c9e314cb3b19e69576a39e7fe6d&ipo=images,https://www.derwesten.de/panorama/promi-tv/goodbye-deutschland-sarah-james-tansania-folgt-id301805692.html,"""Goodbye Deutschland"": Auswanderung nach Tansania - die Ernüchterung ...
derwesten.de"
https://external-content.duckduckgo.com/iu/?u=https%3A%2F%2Ftse3.mm.bing.net%2Fth%2Fid%2FOIP.Cc0xuuy6PisjjRUdtlTh0wHaFz%3Fpid%3DApi&f=1&ipt=775da4e3b82f94f65afcbff6bdf2f418f05240940bb2d74afafce31cef3286d3&ipo=images,https://www.alamy.com/stock-photo/james-arnold-taylor.html,"James arnold taylor hi-res stock photography and images - Alamy
alamy.com"
https://external-content.duckduckgo.com/iu/?u=https%3A%2F%2Ftse4.mm.bing.net%2Fth%2Fid%2FOIP.zJSmwvDT-85SBqu2ywZcWAHaJS%3Fpid%3DApi&f=1&ipt=8c4cce8c3ef8ab7fcdf7abdf67940ad543054c3581168ec6dcb75e9dfbc0bea9&ipo=images,https://pinaywifeatbp.blogspot.com/2009/06/circular-kitchen.html,"The Circular Kitchen
pinaywifeatbp.blogspot.com"
https://external-content.duckduckgo.com/iu/?u=https%3A%2F%2Ftse3.mm.bing.net%2Fth%2Fid%2FOIP.89_atS49uawRzw3XVNoWxgHaKM%3Fpid%3DApi&f=1&ipt=db9700e55757c036ec85838274d6b79b0d23bfe65f032f6e2d6879d33ffe7ac3&ipo=images,https://ita.animalia-life.club/james-arnold-taylor-tmnt,"James Arnold Taylor Tmnt
ita.animalia-life.club"
https://external-content.duckduckgo.com/iu/?u=https%3A%2F%2Ftse3.mm.bing.net%2Fth%2Fid%2FOIP.a-KQEj4HEfsXnFwbW3hpJwHaGY%3Fpid%3DApi&f=1&ipt=a31f22ac634b3b54417521fce797185c2a66f98398bfc1b370dbc5e78e874df7&ipo=images,https://www.reddit.com/r/starwarsmemes/comments/1492qub/honestly_props_to_james_arnold_taylor_he_has_some/,"Honestly, props to James Arnold Taylor, he has some serious vocal range ...
reddit.com"
https://external-content.duckduckgo.com/iu/?u=https%3A%2F%2Ftse2.mm.bing.net%2Fth%2Fid%2FOIP.CbyOl_dZ3xljUhQUa3ZsmAHaHa%3Fpid%3DApi&f=1&ipt=f3c7818643cfaec60193ee2be1264378f54c460fce5e15ac839bd4abdeac57b3&ipo=images,https://www.linkedin.com/posts/james-villaroman-b13673_aboitizpower-renewableenergy-energytransition-activity-7188766239052181504-gA9A,"James Villaroman posted on LinkedIn
linkedin.com"
https://external-content.duckduckgo.com/iu/?u=https%3A%2F%2Ftse4.mm.bing.net%2Fth%2Fid%2FOIP.zNbdXSZivyZ-j-QMBead3wAAAA%3Fpid%3DApi&f=1&ipt=af5c14d4795a661527e5da404f6c8bd325ccd742706cb89751cb43a3def8e5ab&ipo=images,https://ballotpedia.org/James_D._Arnold,"James D. Arnold - Ballotpedia
ballotpedia.org"
https://external-content.duckduckgo.com/iu/?u=https%3A%2F%2Ftse1.mm.bing.net%2Fth%2Fid%2FOIP.IFAPzUy6HsZZFXh9s8dBMQHaEo%3Fpid%3DApi&f=1&ipt=4e0d9dee3579bdc217d320d8c5ded165014d9a22370509f3bcaa23009b9de049&ipo=images,https://artoffatherhood.net/james-arnold-taylor-talks-fatherhood-the-clone-wars-voice-acting-more/,"James Arnold Taylor Talks Fatherhood, The Clone Wars & Voice Acting
artoffatherhood.net"
https://external-content.duckduckgo.com/iu/?u=https%3A%2F%2Ftse2.mm.bing.net%2Fth%2Fid%2FOIP.nLOPPBV2Njtq5TqQsEeXNwAAAA%3Fpid%3DApi&f=1&ipt=6b52f30254023f09089d702a6c1df29f4419bbcf048c59bb992787b9c924d3f1&ipo=images,https://www.ashrae.org/about/leadership/ashrae-board-of-directors,"ASHRAE Board of Directors
ashrae.org"
https://external-content.duckduckgo.com/iu/?u=https%3A%2F%2Ftse4.mm.bing.net%2Fth%2Fid%2FOIP.cPiinbt4vtzN9vs0UPi7GwHaK9%3Fpid%3DApi&f=1&ipt=569c522cc06cb58001f0983a1bd708d4e71b7f3ec13425bc42f70cb16fc9d856&ipo=images,https://www.soulsgrowndeep.org/artist/james-arnold,"James Arnold | Souls Grown Deep
soulsgrowndeep.org"
https://external-content.duckduckgo.com/iu/?u=https%3A%2F%2Ftse3.mm.bing.net%2Fth%2Fid%2FOIP.uCIqwCvVquQqHzfr_mWJ-AHaKM%3Fpid%3DApi&f=1&ipt=9400ce899130f5eb8228d14e76c872ca966c59cf8654eca6ad05f590ef3df4ca&ipo=images,https://www.animalia-life.club/qa/pictures/james-arnold-taylor-ratchet.html,"James Arnold Taylor Ratchet
animalia-life.club"
https://external-content.duckduckgo.com/iu/?u=https%3A%2F%2Ftse4.mm.bing.net%2Fth%2Fid%2FOIP.EEFiG4YxSzEmPUDMwZgsMAHaDu%3Fpid%3DApi&f=1&ipt=fa962f77918a4b70234dbbf2890f6834b77db0c121bcd753326918455604f9ca&ipo=images,https://www.kaggle.com/datasets/jamesnogra/face-mask-usage,"Face Mask Usage | Kaggle
kaggle.com"
https://external-content.duckduckgo.com/iu/?u=https%3A%2F%2Ftse2.explicit.bing.net%2Fth%2Fid%2FOIP.nse6tbPpq1JS1PrsnHG-SQAAAA%3Fpid%3DApi&f=1&ipt=c0c820c052662b36215469b15427168f0d07f1c8c65def7fef01804a8435bdba&ipo=images,https://www.gettyimages.ie/photos/james-arnold-taylor,"James Arnold Taylor Photos and Premium High Res Pictures - Getty Images
gettyimages.ie"
https://external-content.duckduckgo.com/iu/?u=https%3A%2F%2Ftse3.mm.bing.net%2Fth%2Fid%2FOIP.vAHvQZWltsl6ohnhhIWV8AHaEp%3Fpid%3DApi&f=1&ipt=1a262b7a6c2fc4dcc770f82cfafa435cf9f8f886f1e88342559729b0953f4367&ipo=images,https://claremont-courier.com/schools/cgu-claremont-colleges-celebrate-100th-anniversary-85305/,"Neiuber: CGU, Claremont Colleges celebrate 100th anniversary ...
claremont-courier.com"
https://external-content.duckduckgo.com/iu/?u=https%3A%2F%2Ftse4.mm.bing.net%2Fth%2Fid%2FOIP.xmgiE4dXajKZtoRSq-0vDAHaHY%3Fpid%3DApi&f=1&ipt=c7345b44a8554899ce77b6736d4a473215e3a48c8e1fa4a7767a84e5f6c72b2a&ipo=images,https://www.imdb.com/name/nm0852517/mediaviewer/rm2884751872/,"James Arnold Taylor
imdb.com"
https://external-content.duckduckgo.com/iu/?u=https%3A%2F%2Ftse4.mm.bing.net%2Fth%2Fid%2FOIP.3vgzzZCJKl5ii6ndfiTumQHaHa%3Fpid%3DApi&f=1&ipt=da1dc5e536c7ba6b73ecfdd8821af31f55312a5c210e4a4091dddbfdb525d5dc&ipo=images,https://www.animalia-life.club/qa/pictures/james-arnold-taylor-ratchet.html,"James Arnold Taylor Ratchet
animalia-life.club"
https://external-content.duckduckgo.com/iu/?u=https%3A%2F%2Ftse3.mm.bing.net%2Fth%2Fid%2FOIP.8QbLohpY3t8vKNaxAAqABQHaE7%3Fpid%3DApi&f=1&ipt=32ca7aa7421dc11fb84dc57580507c8991a6db55c68a9aa229751509ff218410&ipo=images,https://www.burgundyasset.com/our-team/james-arnold/,"James Arnold - Burgundy Asset Management Ltd.
burgundyasset.com"
https://external-content.duckduckgo.com/iu/?u=https%3A%2F%2Ftse3.mm.bing.net%2Fth%2Fid%2FOIP.2rkpU9BODURLlc3PpqjRiwHaHa%3Fpid%3DApi&f=1&ipt=a7a0adfe5dc977249bf113e89d7270da4442fa78e8687dedb8a9d6bd043a715a&ipo=images,https://www.instagram.com/insomniacgames/,"Insomniac Games (@insomniacgames) • Instagram photos and videos
instagram.com"
https://external-content.duckduckgo.com/iu/?u=https%3A%2F%2Ftse1.mm.bing.net%2Fth%2Fid%2FOIP.0Z85w27uP27f4KRroO9ElgHaFz%3Fpid%3DApi&f=1&ipt=b271d131177b09fe71c2f8d3da093462bf0463512f8edd5ec0dd236b2b910f8a&ipo=images,https://www.rafaelosonaauction.com/antiques/2022-auctions/december-3-2022/set-of-four-vintage-james-arnold-marine-nautical-whaling-woodblock-prints/,"Four Nautical Marine Whaling Woodblock Prints - Set of Four Vintage ...
rafaelosonaauction.com"
https://external-content.duckduckgo.com/iu/?u=https%3A%2F%2Ftse2.mm.bing.net%2Fth%2Fid%2FOIP.ZxtW2uzi-OvvlvEzJSUPYgHaDt%3Fpid%3DApi&f=1&ipt=dd2dfcaff50b6e5293bfeca90b3703b615e7ed92678ee5f2eda081cb0d46f6d3&ipo=images,https://www.cbr.com/voice-actors-villains-dc-marvel-animation/,"10 Actors Who Have Voiced Villains For Both DC And Marvel
cbr.com"
https://external-content.duckduckgo.com/iu/?u=https%3A%2F%2Ftse2.mm.bing.net%2Fth%2Fid%2FOIP.fiwYKbYyXEvM4Bo-Dmo9WwHaHa%3Fpid%3DApi&f=1&ipt=9f9613d42a5805708ec455f2a529943db5deeea56b1a060bbd27098205f597d6&ipo=images,https://arnoldmediation.com/,"Arnold Mediation
arnoldmediation.com"
https://external-content.duckduckgo.com/iu/?u=https%3A%2F%2Ftse1.mm.bing.net%2Fth%2Fid%2FOIP.vGUc6YXYWAOFncvB5Mn8lgHaE8%3Fpid%3DApi&f=1&ipt=a5715585f09f282b4345ed11b8114e4ca6346607feda22f115a788250f21a188&ipo=images,https://www.radiotimes.com/tv/sci-fi/star-wars-tales-of-jedi-cast/,"Tales of the Jedi cast | Every voice actor in Star Wars series | Radio ...
radiotimes.com"
https://external-content.duckduckgo.com/iu/?u=https%3A%2F%2Ftse2.mm.bing.net%2Fth%2Fid%2FOIP.3dHg5ZMD9uq_QzVmx4DmyQAAAA%3Fpid%3DApi&f=1&ipt=10e7cc4e0689421248fd2b3c34637e8c46d511ac39b6230cc52d3114ef51afb6&ipo=images,https://kids.kiddle.co/James_Arnold_Taylor,"James Arnold Taylor Facts for Kids
kids.kiddle.co"
https://external-content.duckduckgo.com/iu/?u=https%3A%2F%2Ftse1.explicit.bing.net%2Fth%2Fid%2FOIP.dGFDfeah9Sswomcj7a4_CwHaK-%3Fpid%3DApi&f=1&ipt=2862e827720564febc45fc41ebfc5058366d03f9078e1db6821e9d6aca7eba9f&ipo=images,https://www.dignitymemorial.com/obituaries/fort-wayne-in/james-frosch-11116521,"James Arnold Frosch Obituary - Fort Wayne, IN
dignitymemorial.com"
https://external-content.duckduckgo.com/iu/?u=https%3A%2F%2Ftse3.mm.bing.net%2Fth%2Fid%2FOIP.kCGCFRPujEX-XHObJpICDwHaJ4%3Fpid%3DApi&f=1&ipt=de29b3af4ba22c0793c44dcfa5540d357a906afb05f839d8bf207bcdd366364c&ipo=images,https://www.arnoldengineering.co.uk/team/james-arnold/,"James Arnold - Arnold Engineering Arnold Engineering
arnoldengineering.co.uk"
https://external-content.duckduckgo.com/iu/?u=https%3A%2F%2Ftse1.mm.bing.net%2Fth%2Fid%2FOIP.bXx-qDiepC_Ze6EgIdhm0AHaJS%3Fpid%3DApi&f=1&ipt=be64e39f0f6f4792f06696db150eaf18eb1ea19cb8862fcdb89951a2b989f231&ipo=images,https://www.texarkanagazette.com/news/2022/jun/13/james-arnold/,"JAMES ARNOLD | Texarkana Gazette
texarkanagazette.com"
https://external-content.duckduckgo.com/iu/?u=https%3A%2F%2Ftse4.mm.bing.net%2Fth%2Fid%2FOIP.OwPp8uuH36wZbDIb6Itv4wHaHa%3Fpid%3DApi&f=1&ipt=c671f471f8364e6ffe7f2c21e00ae015fb3cab27bae7bb69b308f11241ecf112&ipo=images,https://www.facebook.com/N.O.G.R.A.KR1/photos/a.112080047094364/315356140100086/,"Nogra Guardie Zoofile... - Nogra Guardie Zoofile Crotone
facebook.com"
https://external-content.duckduckgo.com/iu/?u=https%3A%2F%2Ftse2.explicit.bing.net%2Fth%2Fid%2FOIP.PIxZhr-O3-SnuQ0sN-nU7gHaHs%3Fpid%3DApi&f=1&ipt=506258030ac903c9d389dc8277a829319423604932e4b64417304a2ba11b51f0&ipo=images,https://www.dignitymemorial.com/obituaries/west-palm-beach-fl/james-arnold-12332709,"James Arnold Obituary - West Palm Beach, FL
dignitymemorial.com"
https://external-content.duckduckgo.com/iu/?u=https%3A%2F%2Ftse1.mm.bing.net%2Fth%2Fid%2FOIP.9IqPNWAuKBZqDk3Y_DajJgHaJ3%3Fpid%3DApi&f=1&ipt=f844ac7834687e6eeff4c9488cdae4e54532539209939839a4cbf94a277af0c3&ipo=images,https://www.dignitymemorial.com/en-ca/obituaries/sandy-springs-ga/james-arnold-10256932,"James Arnold Obituary - Sandy Springs, GA
dignitymemorial.com"
https://external-content.duckduckgo.com/iu/?u=https%3A%2F%2Ftse3.mm.bing.net%2Fth%2Fid%2FOIP.HEWJPT9oSrYperLhn-8U4wHaHa%3Fpid%3DApi&f=1&ipt=f019144c0c0a95a95feb24a9d587382eed347c36553405014214e1ce73ac02a3&ipo=images,https://www.astonmics.com/EN/artist-details/james-arnold-taylor,"James Arnold Taylor
astonmics.com"
https://external-content.duckduckgo.com/iu/?u=https%3A%2F%2Ftse2.explicit.bing.net%2Fth%2Fid%2FOIP.Pfj1kOEE_fpnhuyDneCM5gHaJU%3Fpid%3DApi&f=1&ipt=a51739691fa0c047500217c52e2a2525acd797e560d1e09e9f09bf58617465e3&ipo=images,https://animalia-life.club/qa/pictures/james-arnold-taylor-ratchet,"James Arnold Taylor Ratchet
animalia-life.club"
https://external-content.duckduckgo.com/iu/?u=https%3A%2F%2Ftse1.mm.bing.net%2Fth%2Fid%2FOIP.4Qo3S-nU9mfCIeb7mMyXgAHaEo%3Fpid%3DApi&f=1&ipt=5418e3cec1bad7e3be3227e3212265d144ccfa8803fe256c32c24654303fd617&ipo=images,https://www.privacylaws.com/events-gateway/events/2024ic37/programme2024/speakers2024/,"2024 Conference Speakers
privacylaws.com"
https://external-content.duckduckgo.com/iu/?u=https%3A%2F%2Ftse2.mm.bing.net%2Fth%2Fid%2FOIP.riFLgNVdXz3LrO7wfNxRqwHaEK%3Fpid%3DApi&f=1&ipt=b39e6f659c404e591d3e610c2433ad92679610e3efb9b4301304c8cf74b194a0&ipo=images,https://ita.animalia-life.club/james-arnold-taylor-tmnt,"James Arnold Taylor Tmnt
ita.animalia-life.club"
https://external-content.duckduckgo.com/iu/?u=https%3A%2F%2Ftse2.mm.bing.net%2Fth%2Fid%2FOIP.V_9fahb4COcwSobue0g1_gAAAA%3Fpid%3DApi&f=1&ipt=b70f48295708f646aaeff1f89558d760a5582eca016364df0f724bc2656dc64c&ipo=images,https://www.listal.com/james-arnold-taylor,"James Arnold Taylor
listal.com"
https://external-content.duckduckgo.com/iu/?u=https%3A%2F%2Ftse4.mm.bing.net%2Fth%2Fid%2FOIP.C9Rr736-UCASZcOpbqd3tAHaIy%3Fpid%3DApi&f=1&ipt=c2ddee4fccb84176759c591389ce5dadda18f9c222bca66c4d93833f9f363890&ipo=images,https://mubi.com/cast/james-arnold-taylor,"James Arnold Taylor - Movies, Bio and Lists on MUBI
mubi.com"
https://external-content.duckduckgo.com/iu/?u=https%3A%2F%2Ftse3.mm.bing.net%2Fth%2Fid%2FOIP.ft3m9XZWGPVuC71R3STpvgAAAA%3Fpid%3DApi&f=1&ipt=b6e59ce317b4f14acce00fce10937cf1fcf9731a997e370d8a7adc69894aa372&ipo=images,https://www.listal.com/viewimage/49557,"Picture of James Arnold Taylor
listal.com"
https://external-content.duckduckgo.com/iu/?u=https%3A%2F%2Ftse4.mm.bing.net%2Fth%2Fid%2FOIP.FdqhcmeICI7f-Y-LPp8AFwAAAA%3Fpid%3DApi&f=1&ipt=cf0ca68f41b2a9dbef7353a222a8fd2f56df2191ea6be69e4a870c603a169128&ipo=images,https://www.amazon.com/prime-video/actor/James-Arnold-Foster/amzn1.dv.gti.64928d7c-ce5f-4f43-9b9b-b4868318d434/,"James Arnold Foster: Movies, TV, and Bio
amazon.com"
https://external-content.duckduckgo.com/iu/?u=https%3A%2F%2Ftse4.mm.bing.net%2Fth%2Fid%2FOIP.lji5NXybqDs8MZ6sjxt0MQHaHa%3Fpid%3DApi&f=1&ipt=56d5c0b18170eabebc8aa5d75cc8d8c03a7063bf3035a19adbd5055805e2c7e7&ipo=images,https://www.linkedin.com/posts/nogra-pharma_behindthescience-activity-7182738894554021888-Vet0,"Nogra Pharma on LinkedIn: #behindthescience
linkedin.com"
https://external-content.duckduckgo.com/iu/?u=https%3A%2F%2Ftse3.mm.bing.net%2Fth%2Fid%2FOIP.rePFD2yd4_ZAi4jJLRCjsAAAAA%3Fpid%3DApi&f=1&ipt=0715f0df2b79e8506abca708ec10cb72c86054d3f4d10f4c8f1d5bd584b87a1b&ipo=images,https://www.mycast.io/stories/kingsman-the-secret-service-1994/roles/professor-james-arnold/1138648,"Professor James Arnold Fan Casting for Kingsman: The Secret Service ...
mycast.io"
https://external-content.duckduckgo.com/iu/?u=https%3A%2F%2Ftse3.mm.bing.net%2Fth%2Fid%2FOIP.nnOkJ89xwaMBoKmWGiFMqwHaEK%3Fpid%3DApi&f=1&ipt=9b89229a025e6832531bdce24d892c75530fbe8bbf026b31242d2183928dc4f2&ipo=images,https://www.youtube.com/watch?v=xnO7uDsJLqg,"James Arnold Taylor | Master of Voices & Impressions | Star Wars ...
youtube.com"
https://external-content.duckduckgo.com/iu/?u=https%3A%2F%2Ftse1.mm.bing.net%2Fth%2Fid%2FOIP.mt9k5UcocMiXw0SFb2SqHAHaL6%3Fpid%3DApi&f=1&ipt=484e370909618c81287777b70c35f763e34ac94cecf99bf254219ec19dd2bbbb&ipo=images,https://www.alamy.com/stock-photo-james-arnold-taylor-and-michell-whitfield-premiere-of-tmnt-teenage-34177226.html,"James Arnold Taylor and Michell Whitfield Premiere of TMNT - Teenage ...
alamy.com"
https://external-content.duckduckgo.com/iu/?u=https%3A%2F%2Ftse2.mm.bing.net%2Fth%2Fid%2FOIP.mc8wwzZTqBoYxygWjX_9dQAAAA%3Fpid%3DApi&f=1&ipt=8f139dfe50ed9d8588d5ba77b0394a61a8dd65153683525c2bea310ecaa714d1&ipo=images,https://www.mycast.io/stories/teenage-mecha-ninja-turtles/roles/the-kraang/29582482/suggestions/james-arnold-taylor/35172401,"Fan Casting James Arnold Taylor as The Kraang in Teenage Mecha Ninja ...
mycast.io"
https://external-content.duckduckgo.com/iu/?u=https%3A%2F%2Ftse2.mm.bing.net%2Fth%2Fid%2FOIP.Rxeob2djf517A3JguFElfQHaML%3Fpid%3DApi&f=1&ipt=da905cb1526d22d5e65c3bdfb0dc17ce35fb5c7a446f8a0aef66e30d755c7d1a&ipo=images,https://www.reddit.com/r/StarWarsSquadrons/comments/j427nt/i_had_no_idea_james_arnold_taylor_voiced_this/,"I had no idea James Arnold Taylor voiced this character. Very cool! : r ...
reddit.com"
https://external-content.duckduckgo.com/iu/?u=https%3A%2F%2Ftse2.mm.bing.net%2Fth%2Fid%2FOIP.sONWOIPrti6nXdmXWP8WaAAAAA%3Fpid%3DApi&f=1&ipt=85c6aa6fa3363dc186f5e5c870774d4af6de5f836a33998a789b99529fd9f378&ipo=images,https://www.mycast.io/talent/james-arnold-taylor-obi-wan-kenobi-favorite,"James Arnold Taylor (Obi Wan Kenobi favorite) Fan Casting
mycast.io"
https://external-content.duckduckgo.com/iu/?u=https%3A%2F%2Ftse3.mm.bing.net%2Fth%2Fid%2FOIP.RQ_aFO9MMUungsfsaijHQAAAAA%3Fpid%3DApi&f=1&ipt=f83ddb1694549c4c592c9967a80ccd51ef10d4b376999dd4ad567602382b4b97&ipo=images,https://cebuimage.blogspot.com/2009/06/cathedral-church-in-cebu-city.html,"Cathedral Church in Cebu City
cebuimage.blogspot.com"
https://external-content.duckduckgo.com/iu/?u=https%3A%2F%2Ftse4.mm.bing.net%2Fth%2Fid%2FOIP.0fOJ17F2wF5LF2HGudkbFgHaHa%3Fpid%3DApi&f=1&ipt=19ee831ec958baa64b58626358fab9cb1f4b4c71c3b1fe5368baba2f6884b562&ipo=images,https://www.bicycling.com/tour-de-france/a44508751/james-arnold-animating-tour-de-france-femmes-athletes-instagram/,"Tour de France 2023: James Arnold is Animating the Tour de France ...
bicycling.com"
https://external-content.duckduckgo.com/iu/?u=https%3A%2F%2Ftse3.mm.bing.net%2Fth%2Fid%2FOIP.qx6lkfUK1VxkUzhv6SUHogHaFj%3Fpid%3DApi&f=1&ipt=1086e241a213e01326a7351b8a045ea8f9d88da606aff18e77481fe6f3ee4a7c&ipo=images,https://blog.heruniverse.com/disneys-star-wars-weekends-recap-and-james-arnold-taylor/,"Disney's Star Wars Weekends Recap and James Arnold Taylor! - Her ...
blog.heruniverse.com"
https://external-content.duckduckgo.com/iu/?u=https%3A%2F%2Ftse2.mm.bing.net%2Fth%2Fid%2FOIP.xlklv0EQlPs3yrau_fbcyQHaEo%3Fpid%3DApi&f=1&ipt=e979f3810a79b1735cf605e4685e63714d3204ff5262550a1b2ac6947a5932c0&ipo=images,https://www.deviantart.com/eddsworldfangirl97/art/Top-10-James-Arnold-Taylor-Roles-966550077,"Top 10 James Arnold Taylor Roles by Eddsworldfangirl97 on DeviantArt
deviantart.com"
https://external-content.duckduckgo.com/iu/?u=https%3A%2F%2Ftse1.mm.bing.net%2Fth%2Fid%2FOIP.0EVd-Z-KbLL7UEi7i6DTlAHaE7%3Fpid%3DApi&f=1&ipt=41aff094f45abb2caa7e5c2511612f6c3205f91be729f9b0ce0cc07f357f57dc&ipo=images,https://thegeorgiagazette.com/chatham/james-arnold-30/,"James Arnold — Chatham County Jail Bookings
thegeorgiagazette.com"
https://external-content.duckduckgo.com/iu/?u=https%3A%2F%2Ftse1.mm.bing.net%2Fth%2Fid%2FOIP.yki72obxqVNl-E2IcZrmzwAAAA%3Fpid%3DApi&f=1&ipt=02d74e6207fd72896635c88c53c07cf77ca057c1102be40c4c4c049330da2658&ipo=images,https://www.gettyimages.com/photos/the-great-raid-washington-d-c-premiere-arrivals,"52 The Great Raid Washington D C Premiere Arrivals Photos & High Res ...
gettyimages.com"
https://external-content.duckduckgo.com/iu/?u=https%3A%2F%2Ftse4.mm.bing.net%2Fth%2Fid%2FOIP.D5YFDIj3JpwJ2VUqYoAtLQAAAA%3Fpid%3DApi&f=1&ipt=027f72d9f2678805a80eacf5c3ed8f3af4bed65673f2f43c6d93555f1d46c9ed&ipo=images,https://cebuimage.blogspot.com/2009/06/cathedral-church-in-cebu-city.html,"Cathedral Church in Cebu City
cebuimage.blogspot.com"
https://external-content.duckduckgo.com/iu/?u=https%3A%2F%2Ftse1.mm.bing.net%2Fth%2Fid%2FOIP.9FmnzxY9z93R_wGd_RZ6sAHaHa%3Fpid%3DApi&f=1&ipt=443b976705c2cd8048e5ac69ec8ef69fea514f540b05b9a2febd7c3db17e0fd1&ipo=images,https://officialpix.myshopify.com/collections/james-arnold-taylor,"JAMES ARNOLD TAYLOR - Official Pix
officialpix.myshopify.com"
https://external-content.duckduckgo.com/iu/?u=https%3A%2F%2Ftse2.mm.bing.net%2Fth%2Fid%2FOIP.17Nxd-ldlQlaOJJyDb4G6AHaHa%3Fpid%3DApi&f=1&ipt=14a5e73571e9ddf368bff5e4eb2e4920bda605545e6f57e154ff8d32a26b40a2&ipo=images,https://www.facebook.com/Rubbertoe6464/,"Robert Balli
facebook.com"
https://external-content.duckduckgo.com/iu/?u=https%3A%2F%2Ftse1.mm.bing.net%2Fth%2Fid%2FOIP.UlaN5BNjoqwLO64Y0AegawHaFj%3Fpid%3DApi&f=1&ipt=31eeebd56c057ba3dd6f19026a9ce714eb48a34edbd1ddf1da2c1e7d8980f159&ipo=images,https://www.deviantart.com/unityspectre/art/James-Arnold-Taylor-Characters-528681058,"James Arnold Taylor Characters by UnitySpectre on DeviantArt
deviantart.com"
https://external-content.duckduckgo.com/iu/?u=https%3A%2F%2Ftse1.mm.bing.net%2Fth%2Fid%2FOIP.fNyK-tHv9zqRdHWdrFfjxAHaDX%3Fpid%3DApi&f=1&ipt=a256a7c2a21502fb493e23ce79db81308c9a04eb2547b82e7b11180fefd4a9a9&ipo=images,https://www.burgundyasset.com/our-team/james-arnold/,"James Arnold - Burgundy Asset Management Ltd.
burgundyasset.com"
https://external-content.duckduckgo.com/iu/?u=https%3A%2F%2Ftse1.mm.bing.net%2Fth%2Fid%2FOIP.tQfHrs9qXspQFQ6vKApd4gHaFM%3Fpid%3DApi&f=1&ipt=a77d64347fa4fc5dcd1fac7de030daf9459d5345e4b05b87551d6aa75c38965a&ipo=images,https://www.imdb.com/name/nm0852517/mediaviewer/rm3621114368,"James Arnold Taylor
imdb.com"
https://external-content.duckduckgo.com/iu/?u=https%3A%2F%2Ftse3.mm.bing.net%2Fth%2Fid%2FOIP.fTSLo2mC9RXEL0AXD8io-QHaIe%3Fpid%3DApi&f=1&ipt=ff1541ee376e686773649b9ec0bec9ff147aae72a177f225d3072b91fb584520&ipo=images,https://www.stellabooks.com/books/james-arnold/farm-waggons-and-carts/1826881,"Stella & Rose's Books
stellabooks.com"
https://external-content.duckduckgo.com/iu/?u=https%3A%2F%2Ftse1.explicit.bing.net%2Fth%2Fid%2FOIP.-BMt53RL0n8Ha3HyX9GH4wAAAA%3Fpid%3DApi&f=1&ipt=61590c0b1f8c33314e613bfcb914d5a709112768dc73df81cf06dfab269495f0&ipo=images,https://www.zocdoc.com/doctor/james-arnold-phd-130731,"Dr. James Arnold, PhD | MWHC Outpatient Behavioral Health, Washington, DC
zocdoc.com"
https://external-content.duckduckgo.com/iu/?u=https%3A%2F%2Ftse1.mm.bing.net%2Fth%2Fid%2FOIP.JOKGfy7tq2TywNKdIE13ZQHaL7%3Fpid%3DApi&f=1&ipt=8b369fa47faf202a0ca209a2b80b20907ed2c2e06a3d6b5b1cbecfd76a3feab0&ipo=images,https://www.alamy.com/stock-photo-james-arnold-taylor-tom-kane-and-matt-lanter-star-wars-the-clone-wars-34842801.html,"James Arnold Taylor, Tom Kane and Matt Lanter 'Star Wars: The Clone ...
alamy.com"
https://external-content.duckduckgo.com/iu/?u=https%3A%2F%2Ftse4.mm.bing.net%2Fth%2Fid%2FOIP.McGkoFps-UMPzSRnSgCnGAHaHa%3Fpid%3DApi&f=1&ipt=9ed2bfeba4fcac9699bb7f2376c5e22d7c88e57b6e3d8bfbc6b56db2447671ed&ipo=images,https://avey.fr/products/anti-cheveux-gras-nogra-avey,"Anti cheveux gras - NOGRA®
avey.fr"
https://external-content.duckduckgo.com/iu/?u=https%3A%2F%2Ftse4.mm.bing.net%2Fth%2Fid%2FOIP.Si7WpaeEQP1hvWSkSc2YsAHaJQ%3Fpid%3DApi&f=1&ipt=58258e825a301f7a3daedeba150f34e2379b3f93a848c14de1635ea71cf2bf84&ipo=images,https://www.journal-leader.com/2020/11/21/james-f-arnold/,"James F. Arnold - The Journal - Leader
journal-leader.com"
https://external-content.duckduckgo.com/iu/?u=https%3A%2F%2Ftse2.mm.bing.net%2Fth%2Fid%2FOIP.8k3A475wRgmbiXnTBULoewHaHU%3Fpid%3DApi&f=1&ipt=3e30f10f7ebf64476e49ea39a20a5b97de59e02e70cc822380f0d6352c405802&ipo=images,https://pensacon.com/guest/james-arnold-taylor/,"James Arnold Taylor - Pensacon
pensacon.com"
https://external-content.duckduckgo.com/iu/?u=https%3A%2F%2Ftse4.mm.bing.net%2Fth%2Fid%2FOIP.hhRDLY4wiBhwkVhgfVWlhAHaFj%3Fpid%3DApi&f=1&ipt=975d3b5d79568f0f437bdfdb91b9e59a7cdf8f494a70c4c79ed113fb6030e464&ipo=images,https://www.arnoldporter.com/en/perspectives/news/2022/09/arnold-porter-recognized-at-lmg-life-sciences,"Arnold & Porter Recognized Twice at 10th Annual LMG Life Sciences ...
arnoldporter.com"
https://external-content.duckduckgo.com/iu/?u=https%3A%2F%2Ftse4.mm.bing.net%2Fth%2Fid%2FOIP.Ay6kdWSrd00zQxgYrOx1FwAAAA%3Fpid%3DApi&f=1&ipt=90833bf3902bb0b3d086ef607f37cada88434ebd155e0a38d45a5390344c75a5&ipo=images,https://www.askart.com/artist/James_Irza_Arnold/5001532/James_Irza_Arnold.aspx,"James Irza Arnold - Biography
askart.com"
https://external-content.duckduckgo.com/iu/?u=https%3A%2F%2Ftse1.mm.bing.net%2Fth%2Fid%2FOIP.NpvNj1mHMsoD0_IP30IERgHaEK%3Fpid%3DApi&f=1&ipt=56ac8b98dbdf4ab0fd4b03600d98c29a000123483377865344d969cae75a3ae8&ipo=images,https://www.looper.com/1011931/what-the-cast-of-family-matters-is-up-to-these-days/,"What The Cast Of Family Matters Is Up To These Days
looper.com"
https://external-content.duckduckgo.com/iu/?u=https%3A%2F%2Ftse2.mm.bing.net%2Fth%2Fid%2FOIP.SgWJhJ-rIKQphqlLkD1X5QHaEK%3Fpid%3DApi&f=1&ipt=7fb3e79e394296865e3e541d8fb6dc88b202c18ef39f0b10fe5970d651836fdd&ipo=images,https://www.dazn.com/es-ES/news/f%C3%BAtbol/australia-mundial-2022-qatar-perfil-convocatoria-mejor-jugador-xi-probable-entrenador-partidos-estadisticas/bgxkyjnawcm01l9wzmxetphcf,"Australia en el Mundial 2022 de Qatar: perfil, convocatoria, mejor ...
dazn.com"
https://external-content.duckduckgo.com/iu/?u=https%3A%2F%2Ftse4.mm.bing.net%2Fth%2Fid%2FOIP.3eVCL2Q4DJMELpD4kq3B0AHaJ4%3Fpid%3DApi&f=1&ipt=33d82c4624c8aa91ac33681ea75f3065fdfdc536ebd076526b7531485e0c5c4e&ipo=images,https://www.animalia-life.club/qa/pictures/james-arnold-taylor-ratchet.html,"James Arnold Taylor Ratchet
animalia-life.club"
https://external-content.duckduckgo.com/iu/?u=https%3A%2F%2Ftse3.mm.bing.net%2Fth%2Fid%2FOIP.JKtttcEQqFfoBXwQKJMHygHaGT%3Fpid%3DApi&f=1&ipt=d3d2c911fc972036bf5444922fb239964a3a7d1ac1c450c588e4fd58d34ab27e&ipo=images,https://www.deviantart.com/zielinskijoseph/art/James-Arnold-Taylor-s-cinema-animated-characters-806747623,"James Arnold Taylor's cinema animated characters by zielinskijoseph on ...
deviantart.com"
https://external-content.duckduckgo.com/iu/?u=https%3A%2F%2Ftse4.mm.bing.net%2Fth%2Fid%2FOIP.gwavcavE50zJWfxfgd4OVAHaHa%3Fpid%3DApi&f=1&ipt=1099253ba33e65ca9d88d67248fb7a672eb317847419f4edd4610ae7ca9fa5cb&ipo=images,https://officialpix.myshopify.com/collections/james-arnold-taylor,"JAMES ARNOLD TAYLOR - Official Pix
officialpix.myshopify.com"
https://external-content.duckduckgo.com/iu/?u=https%3A%2F%2Ftse2.mm.bing.net%2Fth%2Fid%2FOIP.tzikiTWhpBlSwW_zdV8W7QAAAA%3Fpid%3DApi&f=1&ipt=48ef2e09a51d8650af3e16da8f8717f1c7bfe748595bf7397b488da40b98404b&ipo=images,https://connected.ccis.edu/2019/12/athletic-director-james-arnold-appointed-to-columbia-sports-commission/,"Athletic Director James Arnold appointed to Columbia Sports Commission ...
connected.ccis.edu"
https://external-content.duckduckgo.com/iu/?u=https%3A%2F%2Ftse4.mm.bing.net%2Fth%2Fid%2FOIP.EuihzYkvIzLKz4djluflJgHaHo%3Fpid%3DApi&f=1&ipt=aa7ad69dff20154ece82a0e1915f739e60613a84fa90978961ddcad291395128&ipo=images,https://stephenambrosetours.com/historian/james-arnold/,"James R. Arnold - Stephen Ambrose Historical Tours
stephenambrosetours.com"
https://external-content.duckduckgo.com/iu/?u=https%3A%2F%2Ftse3.mm.bing.net%2Fth%2Fid%2FOIP.EQ3iuXQJ4sGvWj_JNor65QHaEK%3Fpid%3DApi&f=1&ipt=58df0f08af0c1162a2029d7c72d77e951dd212e576f082958cec3a4efd586e0e&ipo=images,https://www.packers.com/news/packers-salute-sergeant-major-james-arnold-cook-for-operation-fan-mail,"Packers salute Sergeant Major James Arnold Cook for 'Operation Fan Mail'
packers.com"
https://external-content.duckduckgo.com/iu/?u=https%3A%2F%2Ftse1.explicit.bing.net%2Fth%2Fid%2FOIP.qfY5h_HEUw9pi_JCX7wICAAAAA%3Fpid%3DApi&f=1&ipt=c1d48fa6d7d43619d1da7863bd1ff5a4da74a44b767f890231b28449b6b99a1f&ipo=images,https://johnnytest.fandom.com/wiki/James_Arnold_Taylor,"James Arnold Taylor | Johnny Test Wiki | Fandom
johnnytest.fandom.com"
https://external-content.duckduckgo.com/iu/?u=https%3A%2F%2Ftse3.mm.bing.net%2Fth%2Fid%2FOIP.JCf47J3dF99Cvjl7KVnj4AHaD4%3Fpid%3DApi&f=1&ipt=2036e2b2ec01d35d45441af162d0833187960891c8543d93ba7e925eb10c7037&ipo=images,https://visitnaga.blogspot.com/2009/06/wallpapers-naga-cebu-43-display.html,"A PhotoBlog of Naga, Cebu: Wallpapers - Naga, Cebu (1600x1200) | Naga ...
visitnaga.blogspot.com"
https://external-content.duckduckgo.com/iu/?u=https%3A%2F%2Ftse1.mm.bing.net%2Fth%2Fid%2FOIP.Hn5Gmg_pm8zFL0XgpfFIeQAAAA%3Fpid%3DApi&f=1&ipt=17ee6dfd7a979c4766e2b9805dfcc668cdaf396604f65d5a24944ffcca65ae85&ipo=images,https://shoredailynews.com/obituaries/mr-james-arnold-justis/,"Mr. James Arnold Justis - Shore Daily News
shoredailynews.com"
https://external-content.duckduckgo.com/iu/?u=https%3A%2F%2Ftse1.explicit.bing.net%2Fth%2Fid%2FOIP.DXl_vWx6kV6GjdDh-q2IvgAAAA%3Fpid%3DApi&f=1&ipt=fc484c3655185991afde360bead795a22c858b4e6a0c40a3900ce0a3e0e59a00&ipo=images,https://rocketreach.co/james-arnold-email_3179498,"James Arnold Email & Phone Number | First Bank & Trust, a division of ...
rocketreach.co"
https://external-content.duckduckgo.com/iu/?u=https%3A%2F%2Ftse4.explicit.bing.net%2Fth%2Fid%2FOIP.ZP7Qr8VH-SW-gRgV9sNfvgAAAA%3Fpid%3DApi&f=1&ipt=da5aeeb787503acba76ddcdf0cedcdb2ed2318acb9b6688215fc52321172d1df&ipo=images,https://www.listal.com/viewimage/9062278,"Picture of James Arnold Taylor
listal.com"
https://external-content.duckduckgo.com/iu/?u=https%3A%2F%2Ftse3.mm.bing.net%2Fth%2Fid%2FOIP.uyFEq8B2CBF4VvIqaehk6AHaFJ%3Fpid%3DApi&f=1&ipt=a25ca971ffdd5827e2f6fc189821be4ba91256868bdf11fa6efe80d4c3b58763&ipo=images,https://www.advanced-television.com/2023/01/09/red-bee-media-appoints-arnold-as-ceo/,"Red Bee Media appoints Arnold as CEO | Advanced Television
advanced-television.com"
https://external-content.duckduckgo.com/iu/?u=https%3A%2F%2Ftse4.explicit.bing.net%2Fth%2Fid%2FOIP.SzvBaVqprjQ9SeDZZk4k6wHaJl%3Fpid%3DApi&f=1&ipt=2b17d93751c3f3ccb6fd5b8ff2753386f6051afa8570a18ee23843ab4ce5c511&ipo=images,https://thedailygardener.org/otc20190909/,"James Arnold: The Quaker Benefactor Behind Harvard's First Arboretum ...
thedailygardener.org"
https://external-content.duckduckgo.com/iu/?u=https%3A%2F%2Ftse2.mm.bing.net%2Fth%2Fid%2FOIP.mzKDkBwiC9jMq-FBOS_asAHaH4%3Fpid%3DApi&f=1&ipt=0ac592d917382f963f409fd0d522197bfa33ab33785a5b71792b7a32d9bca096&ipo=images,https://www.mancrushes.com/hot-men/james-arnold-taylor/where-dating-news-photos,"James Arnold Taylor | Official Site for Man Crush Monday #MCM | Woman ...
mancrushes.com"
https://external-content.duckduckgo.com/iu/?u=https%3A%2F%2Ftse4.mm.bing.net%2Fth%2Fid%2FOIP.jG7WOsMUiPcp2y05DXZuDwHaIb%3Fpid%3DApi&f=1&ipt=dd14b614d475392444c2c7366c7a3cb3f826d5aa519486c0855116f29bc123af&ipo=images,https://www.pinkninjablog.com/ratchet-clank-getting-know-bella-thorne-james-arnold-taylor-ratchetandclank/,"RATCHET AND CLANK ~ Getting to Know Bella Thorne & James Arnold Taylor ...
pinkninjablog.com"
https://external-content.duckduckgo.com/iu/?u=https%3A%2F%2Ftse3.mm.bing.net%2Fth%2Fid%2FOIP.5-2nFdMCSdT0gNPePSlUDgAAAA%3Fpid%3DApi&f=1&ipt=f9cb0da90d04a45811c4a082c5cd581ecc66fb97a612a03467ca32b095b069e3&ipo=images,https://www.hg.org/attorney/james-s-arnold-and-associates/55848,"James S. Arnold & Associates - HG.org
hg.org"
https://external-content.duckduckgo.com/iu/?u=https%3A%2F%2Ftse2.mm.bing.net%2Fth%2Fid%2FOIP.5r9KdJdiO3p8eit7rV_MawHaHa%3Fpid%3DApi&f=1&ipt=ce8edda98cb97ff5a8b89a69bfd229433effb28d1ee590f4ecaee2c53496d3fc&ipo=images,https://www.forthepeople.com/attorneys/james-d-arnold-jr/,"Attorney James D. Arnold, Jr. | Morgan & Morgan
forthepeople.com"
https://external-content.duckduckgo.com/iu/?u=https%3A%2F%2Ftse4.mm.bing.net%2Fth%2Fid%2FOIP.gQhkrRKnOWx3RDBmXTzFyQHaJ4%3Fpid%3DApi&f=1&ipt=0069d74dd975fb423482eecfdfb509c17a8c78aaf68a1a68349a304e947ad3c0&ipo=images,https://www.jedinews.com/events/articles/reedpop-shares-guest-list-for-new-york-comic-con-2023/,"ReedPop Shares Guest List for New York Comic Con 2023 - Jedi News
jedinews.com"
https://external-content.duckduckgo.com/iu/?u=https%3A%2F%2Ftse1.mm.bing.net%2Fth%2Fid%2FOIP.GZFd43jEy8GBZOmAwb2d0gAAAA%3Fpid%3DApi&f=1&ipt=9126f2ad43b1a8397bbf971bb88a7338576196c3708ab19dfe45683025517ef2&ipo=images,https://www.mycast.io/stories/best-fantastic-four-actors/roles/johnny-storm-human-torch/323282584/suggestions/james-arnold-taylor/404567499,"Fan Casting James Arnold Taylor as Johnny Storm / Human Torch in Best ...
mycast.io"
https://external-content.duckduckgo.com/iu/?u=https%3A%2F%2Ftse3.mm.bing.net%2Fth%2Fid%2FOIP.Q9qP2_aa-LNHRTuLD-sshgHaHa%3Fpid%3DApi&f=1&ipt=1b8a2317215ebf5f56653468ab964ea91b21f6b2317a3b651efd13eaaf39f53b&ipo=images,https://www.linkedin.com/posts/jamesarnold624_we-just-joined-the-care-leaders-network-activity-6892849125642055681-5eLJ,"James Arnold on LinkedIn: We just joined the Care Leaders Network, the ...
linkedin.com"
https://external-content.duckduckgo.com/iu/?u=https%3A%2F%2Ftse2.mm.bing.net%2Fth%2Fid%2FOIP.WO5ivGnoCWhL7KVZdlHRwQHaL6%3Fpid%3DApi&f=1&ipt=faef50aafe6d47d1ddc8caea93e0bd34a962929ff72503ae0d7d7d15d871184e&ipo=images,https://www.alamy.com/stock-photo-james-arnold-taylor-and-michell-whitfield-premiere-of-tmnt-teenage-34177227.html,"James Arnold Taylor and Michell Whitfield Premiere of TMNT - Teenage ...
alamy.com"
https://external-content.duckduckgo.com/iu/?u=https%3A%2F%2Ftse3.mm.bing.net%2Fth%2Fid%2FOIP.d6CbXdUK-2FFh2QdX5LeLwAAAA%3Fpid%3DApi&f=1&ipt=7a1a8c8a83a544c9f2dbb91e102c28c74b730a435f52b2cbd97be39b7a477b27&ipo=images,https://semiconductors.einnews.com/pr_news/647904368/ratchet-clank-unite-at-fanexpoboston-meet-the-voices-james-arnold-taylor-david-kaye,"Ratchet & Clank Unite at FanExpoBoston: Meet the Voices, James Arnold ...
semiconductors.einnews.com"
https://external-content.duckduckgo.com/iu/?u=https%3A%2F%2Ftse4.mm.bing.net%2Fth%2Fid%2FOIP.OPf9AwQsXIGcLlY-Hy2NFwHaHa%3Fpid%3DApi&f=1&ipt=4550350ecd847b51da3092482fdc5ca89ea11d868fd16c7c5afa3d57c5e1551b&ipo=images,https://www.imdb.com/name/nm1762349/mediaviewer/rm310318592,"Scott Christian Sava
imdb.com"
https://external-content.duckduckgo.com/iu/?u=https%3A%2F%2Ftse3.mm.bing.net%2Fth%2Fid%2FOIP.b_al7C5p26tbZG4sy-CWqwHaFj%3Fpid%3DApi&f=1&ipt=29c2c913d569a30ef72d2da4dfa057a3425facac0a2b46b92b583423cf367ed0&ipo=images,https://techblog.fullspeedtechnologies.com/,"Home | Fullspeed Technologies
techblog.fullspeedtechnologies.com"
https://external-content.duckduckgo.com/iu/?u=https%3A%2F%2Ftse3.mm.bing.net%2Fth%2Fid%2FOIP.qZ-Fw_97pe9viQnUdUcvlgHaHa%3Fpid%3DApi&f=1&ipt=314a3fe196f6526616874606071ec0053ce63bad411610fa9decdfc621e38c48&ipo=images,https://www.shopfanexpo.com/james-arnold-taylor-clone-wars-signed-autograph,"James Arnold Taylor Autographed 8""x10"" Photo (Star Wars The Clone Wars)
shopfanexpo.com"
https://external-content.duckduckgo.com/iu/?u=https%3A%2F%2Ftse2.mm.bing.net%2Fth%2Fid%2FOIP.4Rp_85AFEPgNV_t0Q1UhlgHaEK%3Fpid%3DApi&f=1&ipt=59028b75e4cd713a7613dc68b612f027b4b73e86deaf4ecbd9113b055b60be15&ipo=images,https://espanol.eurosport.com/esqui-alpino/campeonatos-mundiales/2022-2023/mundiales-2022-2023-james-crawford-sorprende-al-ganar-el-oro-en-el-supergigante.-por-una-centesima_vid1833454/video.shtml,"Mundiales 2022-2023 | James Crawford sorprende al ganar el oro en el ...
espanol.eurosport.com"
https://external-content.duckduckgo.com/iu/?u=https%3A%2F%2Ftse2.mm.bing.net%2Fth%2Fid%2FOIP.GJqO3wzlKTLeATITsJEDFwHaD4%3Fpid%3DApi&f=1&ipt=aee06c8e57bd29cb657f93988bee3cca7a4db14365788af2351ae343fb84ca58&ipo=images,https://moonagedaydream.film/actors/the-original-mario-voice-actor,"The Original Mario Voice Actor 60 Photos - Moonagedaydream.film
moonagedaydream.film"
https://external-content.duckduckgo.com/iu/?u=https%3A%2F%2Ftse1.mm.bing.net%2Fth%2Fid%2FOIP.Qyba-Qtlxmpll4rgmNJxDAHaLH%3Fpid%3DApi&f=1&ipt=bc0c2ed5745a5e17bc0f4b511bad3ab813fc309b18daee699d622d97757bea30&ipo=images,https://es.dreamstime.com/im%C3%A1genes-de-archivo-libres-de-regal%C3%ADas-james-arnold-taylor-obi-wan-kenobi-image31752839,"James Arnold Taylor (Obi-Wan Kenobi) Imagen de archivo editorial ...
es.dreamstime.com"
https://external-content.duckduckgo.com/iu/?u=https%3A%2F%2Ftse1.mm.bing.net%2Fth%2Fid%2FOIP.Dvob1uyXuah86yrQSGttzAHaJ0%3Fpid%3DApi&f=1&ipt=572bed1e25c0196eb995916f3aedbabb502b227de03de5bd8ee7ae0cd8fd516b&ipo=images,https://www.dignitymemorial.com/en-ca/obituaries/fairfax-va/james-arnold-10488025,"James Arnold Obituary - Fairfax, VA
dignitymemorial.com"
https://external-content.duckduckgo.com/iu/?u=https%3A%2F%2Ftse1.mm.bing.net%2Fth%2Fid%2FOIP.inLGOav6Rbzp--yrVioosgHaFs%3Fpid%3DApi&f=1&ipt=c8224f0e784a190ee5b4a974b551843239ffdbc0726a4ba1c7bbc225bfa95a04&ipo=images,https://www.digitalcommonwealth.org/search/commonwealth:mk61t414v,"James Arnold (Ship) - Digital Commonwealth
digitalcommonwealth.org"
https://external-content.duckduckgo.com/iu/?u=https%3A%2F%2Ftse1.mm.bing.net%2Fth%2Fid%2FOIP.wkbOCzVzzgXfxm0SdwPBSQAAAA%3Fpid%3DApi&f=1&ipt=0e94394f98db2d8d41901298ebc1b402353659f3971bd023c82a6498d58bd04a&ipo=images,https://www.dignitymemorial.com/en-ca/obituaries/oklahoma-city-ok/james-arnold-5654244,"James Arnold Obituary - Oklahoma City, OK
dignitymemorial.com"
https://external-content.duckduckgo.com/iu/?u=https%3A%2F%2Ftse2.mm.bing.net%2Fth%2Fid%2FOIP.AsJQfpNtL6tTzPWVBbhWuQHaJQ%3Fpid%3DApi&f=1&ipt=47f654aa75e82f271b76dd6e28a9ba31439272ce2c0e4711cde6aad4ec927af7&ipo=images,https://www.3rdmardiv.marines.mil/Leaders/LeadersView/Article/2966124/lieutenant-colonel-james-r-arnold/,"Lieutenant Colonel James R. Arnold > 3rd Marine Division > Biography
3rdmardiv.marines.mil"
https://external-content.duckduckgo.com/iu/?u=https%3A%2F%2Ftse2.mm.bing.net%2Fth%2Fid%2FOIP.v6BwKZqVpSWMTvRJ43_uogHaLG%3Fpid%3DApi&f=1&ipt=170ed91ee24c4423ca6ca9da0df5e089cd08180f6c95b5313a2a7f9ebe27af07&ipo=images,https://lcahlaw.com/lawyer/james-arnold/,"James A. Arnold, II - Ledbetter Law Firm
lcahlaw.com"
https://external-content.duckduckgo.com/iu/?u=https%3A%2F%2Ftse3.mm.bing.net%2Fth%2Fid%2FOIP.gfKk3D0ejykVRR-chTEZqAHaNK%3Fpid%3DApi&f=1&ipt=344eeb804a587798d54c5156160c20bc8e221b486bcd2e998bf7e9ab158e4b32&ipo=images,https://www.instagram.com/reel/DDXlbmqy8hS/,"TAYLOR CHURCH | The right person will make you love the hell out of ...
instagram.com"
https://external-content.duckduckgo.com/iu/?u=https%3A%2F%2Ftse3.explicit.bing.net%2Fth%2Fid%2FOIP.zr0U-Q5vcqC9XBPKF96argAAAA%3Fpid%3DApi&f=1&ipt=bc5dda0bd8950b6de421e42e0dc630e3744ed54bcdc5855246e1fab405179685&ipo=images,https://www.legacy.com/us/obituaries/fredericknewspost/name/james-arnold-obituary?id=53125669,"James Arnold Obituary (1932 - 2023) - Ijamsville And Formerly Of ...
legacy.com"
https://external-content.duckduckgo.com/iu/?u=https%3A%2F%2Ftse2.mm.bing.net%2Fth%2Fid%2FOIP.OCoa8tPqzlCb8UsrqcFsbgHaLh%3Fpid%3DApi&f=1&ipt=cf54fc33ee7584ececa250010c1ea4754cc602ba32f10c3c4521749712bbac91&ipo=images,https://screenrant.com/star-wars-obi-wan-kenobi-darth-maul-duels-ranked/,"Obi-Wan's 6 Duels With Darth Maul, Ranked
screenrant.com"
https://external-content.duckduckgo.com/iu/?u=https%3A%2F%2Ftse2.mm.bing.net%2Fth%2Fid%2FOIP.WdMLzPJl5xWPUCZmqYQXbgAAAA%3Fpid%3DApi&f=1&ipt=dcd42654f444ad1e62db6b7f17dad62b08460eff65145acb0d090f7da26fb7df&ipo=images,https://providers.arh.org/provider/james-toby-arnold/2216084,"Dr. James Toby Arnold, DO - West Liberty, KY - Internal Medicine
providers.arh.org"
https://external-content.duckduckgo.com/iu/?u=https%3A%2F%2Ftse4.mm.bing.net%2Fth%2Fid%2FOIP.UihSjiI9ZfVp637rGLX30QHaFk%3Fpid%3DApi&f=1&ipt=dedae540ba86decc9e48030593228b178289a5d5cae3478e277c0a95912c1596&ipo=images,https://www.imdb.com/name/nm0852517/mediaviewer/rm2916794368/,"James Arnold Taylor
imdb.com"
https://external-content.duckduckgo.com/iu/?u=https%3A%2F%2Ftse3.mm.bing.net%2Fth%2Fid%2FOIP.0p1AfIsfMCwx1IxSRmVzFgHaFY%3Fpid%3DApi&f=1&ipt=4526a30e74d661ea6018f1c84c1ba4f24976e19a5a216f8de83bd31296818bd5&ipo=images,https://pinaywifeatbp.blogspot.com/2009/06/circular-kitchen.html,"The Circular Kitchen
pinaywifeatbp.blogspot.com"
https://external-content.duckduckgo.com/iu/?u=https%3A%2F%2Ftse4.mm.bing.net%2Fth%2Fid%2FOIP.O6eKUJPQSbc2vCm14LqH7gAAAA%3Fpid%3DApi&f=1&ipt=bd70b8a6d1425f5c0bea1b40a27f2e4bd07b8372734be8f8ddb6d00c942c19a3&ipo=images,https://www.dignitymemorial.com/obituaries/houston-tx/james-arnold-11478715,"James Arnold Obituary - Houston, TX
dignitymemorial.com"
https://external-content.duckduckgo.com/iu/?u=https%3A%2F%2Ftse1.mm.bing.net%2Fth%2Fid%2FOIP.jHnexdzw1GyZc7yRxRVdOAHaE8%3Fpid%3DApi&f=1&ipt=acb662de40e9f44e7cc9190d328e8d97e9ab42dd6dc2d44fd78dc82f4b134b1b&ipo=images,https://lcahlaw.com/lawyer/james-arnold/,"James A. Arnold, II - Ledbetter Law Firm
lcahlaw.com"
