title,url
тАкJames Arnold NograтАм - тАкGoogle ScholarтАм,https://scholar.google.com/citations?user=4hUKKmYAAAAJ&hl=en
James Arnold Nogra - Cebu Institute of Technology | LinkedIn,https://ph.linkedin.com/in/thejamesarnold
James Arnold NOGRA | Doctor of Information Technology | Cebu Institute ...,https://www.researchgate.net/profile/James-Arnold-Nogra-2
James Arnold Nogra - Home - ACM Digital Library,https://dl.acm.org/profile/99660970315
James Arnold Nogra (Cebu Institute of Technology - University): Papers ...,https://www.bohrium.com/scholar/sO9765826/James_Arnold_Nogra
"James Arnold Nogra - Senior Software Engineer, Fullspeed Technologies ...",https://intch.org/16313961
James Arnold Nogra on LinkedIn: I have never thought in my life that I ...,https://www.linkedin.com/posts/thejamesarnold_i-have-never-thought-in-my-life-that-i-will-activity-6506347984358338560-8VtB
James Arnold Nogra on LinkedIn: #datascience,https://www.linkedin.com/posts/thejamesarnold_activity-6993107742605398016-9b03
James Arnold Nogra on LinkedIn: #datascience,https://www.linkedin.com/posts/thejamesarnold_datascience-activity-6993107742605398016-ZwIQ
James Arnold Nogra on LinkedIn:,https://www.linkedin.com/posts/thejamesarnold_activity-6917645377647104001-WpIz
James Arnold Nogra | Kaggle,https://www.kaggle.com/jamesnogra
James Arnold Nogra on LinkedIn: #covid19 #covid19ph,https://www.linkedin.com/posts/thejamesarnold_covid19-covid19ph-activity-6666674756969996288-jsmo
James Arnold Nogra - dblp,https://dblp.org/pid/280/5355
"James Arnold Nogra - Senior Software Engineer, Fullspeed Technologies ...",https://intch.org/p/16313961
James Arnold Nogra's Post - LinkedIn,https://www.linkedin.com/posts/thejamesarnold_because-i-didnt-want-to-graduate-virtually-activity-6957533654151491585-JetJ
тАкJames Arnold NograтАм - тАкGoogle ScholarтАм,https://scholar.google.com/citations?user=4hUKKmYAAAAJ&hl=id
James Arnold Nogra's Post - LinkedIn,https://www.linkedin.com/posts/thejamesarnold_i-finally-won-something-11th-international-activity-6534208844447481856-3HHC
James Arnold Nogra - AD Scientific Index 2024,https://www.adscientificindex.com/scientist/james-arnold-nogra/5393067
James Arnold Nogra on LinkedIn:,https://www.linkedin.com/posts/thejamesarnold_there-are-a-lot-of-things-that-i-appreciate-activity-6917645377647104001-x8Mz
